<?xml version="1.0" ?>
<attributes datfile="testing.dat" majorversion="1" minorversion="1" structurefile="PONE_label_project_structure.xml" structurefilechk="262f5e2dc8dead7199d81a9168c7a3fd">
  <lanes>
    <Lines>
      <lines>
        0
        <id>0</id>
        <Lane_type>Single Dashed</Lane_type>
        <Line_color>WHITE</Line_color>
        <Line_position>
          <line_timestamp time="1675850223743312" frame="1" sampletime="1675850223743312" interpolationState="start">
            <line>
              <line_geom>
                <closed>false</closed>
                <coordinates>
                  <xp_1>6.052577972412109</xp_1>
                  <yp_1>-1.9461477994918823</yp_1>
                  <zp_1>0</zp_1>
                  <ew1>0</ew1>
                  <xp_2>-2.6200740337371826</xp_2>
                  <yp_2>-3.45400333404541</yp_2>
                  <zp_2>0</zp_2>
                  <ew2>0</ew2>
                </coordinates>
              </line_geom>
            </line>
          </line_timestamp>
        </Line_position>
      </lines>
      <lines>
        1
        <id>1</id>
        <Lane_type>Single Dashed</Lane_type>
        <Line_color>WHITE</Line_color>
        <Line_position>
          <line_timestamp time="1675850223743312" frame="1" sampletime="1675850223743312" interpolationState="start">
            <line>
              <line_geom>
                <closed>false</closed>
                <coordinates>
                  <xp_1>-4.874231815338135</xp_1>
                  <yp_1>2.995640516281128</yp_1>
                  <zp_1>0</zp_1>
                  <ew1>0</ew1>
                  <xp_2>0.5979380011558533</xp_2>
                  <yp_2>4.838073253631592</yp_2>
                  <zp_2>0</zp_2>
                  <ew2>0</ew2>
                  <xp_3>6.0791707038879395</xp_3>
                  <yp_3>1.476677656173706</yp_3>
                  <zp_3>0</zp_3>
                  <ew3>0</ew3>
                  <xp_4>-2.6125898361206055</xp_4>
                  <yp_4>3.4214000701904297</yp_4>
                  <zp_4>0</zp_4>
                  <ew4>0</ew4>
                  <xp_5>1.8109670877456665</xp_5>
                  <yp_5>6.03820276260376</yp_5>
                  <zp_5>0</zp_5>
                  <ew5>0</ew5>
                  <xp_6>-2.215191602706909</xp_6>
                  <yp_6>5.738437652587891</yp_6>
                  <zp_6>0</zp_6>
                  <ew6>0</ew6>
                </coordinates>
              </line_geom>
            </line>
          </line_timestamp>
        </Line_position>
      </lines>
    </Lines>
  </lanes>
</attributes>
